epoch,train_loss,val_loss,ppl,lr
1,0.109119,0.007164,1.007190,0.00029841
2,0.006645,0.006824,1.006847,0.00029841
3,0.006186,0.006634,1.006656,0.00029841
4,0.005939,0.006533,1.006555,0.00029841
5,0.005781,0.006548,1.006570,0.00029841
6,0.005666,0.006440,1.006461,0.00029841
7,0.005576,0.006348,1.006368,0.00029841
8,0.005501,0.006335,1.006355,0.00029841
9,0.005442,0.006388,1.006408,0.00029841
10,0.005383,0.006327,1.006347,0.00029841
